﻿<?xml version="1.0" encoding="UTF-8"?>
<customUI xmlns="http://schemas.microsoft.com/office/2009/07/customui" onLoad="Ribbon_Load">
    <backstage>
      <tab id="AdvancedSignature" getLabel="GetLabel" insertAfterMso="TabInfo"  firstColumnMaxWidth="750">
        <firstColumn>
          <group id="SignatureGeneration" getLabel="GetLabel" getHelperText="GetHelperText">
            <primaryItem>
              <button id="Revert2DefaultSignatureGeneration" getLabel="GetLabel" getImage="GetImage" onAction="OnClick" />
            </primaryItem>
            <topItems>
              <checkBox id="RequireOCSPAtSignature" getLabel="GetLabel" getPressed="GetPressed" onAction="OnAction" />
              <dropDown id="RequestedXAdESLevel" getLabel="GetLabel" getItemCount="GetItemCount" getItemID="GetItemID" getItemLabel="GetItemLabel" getSelectedItemIndex="GetSelectedItemIndex" onAction="OnActionDropDown" />
              <labelControl id="RequestedXAdESLevelDescription" getLabel="GetLabel"/>
              <dropDown id="MinimumXAdESLevel" getLabel="GetLabel" getItemCount="GetItemCount" getItemID="GetItemID" getItemLabel="GetItemLabel" getSelectedItemIndex="GetSelectedItemIndex" onAction="OnActionDropDown" />
              <checkBox id="DoNotIncludeXAdESReferenceObjectInTheManifest" getLabel="GetLabel" getPressed="GetPressed" onAction="OnAction" />
              <editBox id="TimestampServerName" getLabel="GetLabel" sizeString="WWWWWWWWWWWWWWWWWWWWWWWWWWWWWWWWWWWWWWWWWWWWWWWWWW" getText="GetText" onChange="SetText" />
              <editBox id="TimestampServerTimeout" maxLength="3" getLabel="GetLabel" sizeString="WWWWWWWWWWW" getText="GetText" onChange="SetText" />
              <dropDown id="TimeStampingHashingAlgorithm" getLabel="GetLabel" getItemCount="GetItemCount" getItemID="GetItemID" getItemLabel="GetItemLabel" getSelectedItemIndex="GetSelectedItemIndex" onAction="OnActionDropDown" />
            </topItems>
          </group>
          <group id="SignatureVerification" getLabel="GetLabel" getHelperText="GetHelperText">
            <primaryItem>
              <button id="Revert2DefaultSignatureVerification" getLabel="GetLabel" getImage="GetImage"  onAction="OnClick" />
            </primaryItem>
            <topItems>
              <dropDown id="SignatureVerificationLevel" getLabel="GetLabel" getItemCount="GetItemCount" getItemID="GetItemID" getItemLabel="GetItemLabel" getSelectedItemIndex="GetSelectedItemIndex" onAction="OnActionDropDown" />
              <dropDown id="DigitalSignatureHashingAlgorithm" getLabel="GetLabel" getItemCount="GetItemCount" getItemID="GetItemID" getItemLabel="GetItemLabel" getSelectedItemIndex="GetSelectedItemIndex" onAction="OnActionDropDown" />
              <checkBox id="DoNotAllowExpiredCertificates" getLabel="GetLabel" getPressed="GetPressed" onAction="OnAction" />
              <checkBox id="CheckTheXAdESPortionsOfADigitalSignature" getLabel="GetLabel" getPressed="GetPressed" onAction="OnAction" />
            </topItems>
          </group>
        </firstColumn>
        <secondColumn>
          <group id="RestartNotification" getLabel="GetLabel" getHelperText="GetHelperText">
            <topItems>
              <labelControl id="RestartNotificationDescription" getLabel="GetLabel"/>
            </topItems>
          </group>
        </secondColumn>
      </tab>
    </backstage>
</customUI>

